73900438,Osbourne,Wakenshaw,69,5,52,12,78
114924014,Albie,Gierardi,58,92,16,57,97
111901632,Eleen,Pentony,43,81,34,36,16
84000084,Arie,Okenden,31,5,14,39,99
272471551,Alica,Muckley,49,66,97,3,95
104900721,Jo,Burleton,98,94,33,13,29
111924392,Cam,Akram,44,84,17,16,24
292970744,Celine,Brosoli,3,15,71,83,45
107004352,Alan,Belfit,31,51,36,70,48
71108313,Jeanette,Gilvear,4,78,15,69,69
42204932,Ethelin,MacCathay,48,36,23,1,11
111914218,Kakalina,Finnick,69,5,65,10,8
74906059,Mayer,Lorenzetti,36,30,100,41,92
91000080,Selia,Rosenstengel,15,42,85,68,28
55002480,Dalia,Tadd,84,86,13,91,22
63101111,Darryl,Doogood,36,3,78,13,100
71908827,Brier,Wace,69,92,23,75,40
322285668,Bucky,Udall,97,63,19,46,28
103006406,Haslett,Beaford,41,32,85,60,61
104913048,Shelley,Spring,84,73,63,59,3
51403517,Marius,Southway,28,75,29,88,92
21301869,Katharina,Storch,6,61,6,49,56
63115178,Hester,Menendez,70,46,73,40,56
84202442,Shaylynn,Scorthorne,50,80,81,96,83
275079882,Madonna,Willatt,23,12,17,83,5
71001041,Bancroft,Padfield,50,100,58,13,14
261170740,Rici,Everard,51,15,48,99,41
113105478,Lishe,Dashkovich,9,23,48,63,95
267089712,Alexandrina,Abate,34,54,79,44,71
41002203,Jordon,Ribbens,41,42,24,60,21
21308176,Jennette,Andrassy,63,13,100,67,4
122239937,Hamid,Chapell,90,92,44,43,47
21109935,Cordy,Crosetto,16,10,99,32,57
111026041,Tiphanie,Gwin,34,45,88,87,27
72408708,Leanor,Izachik,95,35,88,9,75
221370030,Lissy,Tuffley,90,30,84,60,86
104900048,Myrta,Mathieson,88,80,16,6,48
111311413,Cynthea,Fowles,82,59,13,97,23
91408695,Zacherie,Branch,67,6,8,78,10
231372183,Britney,Blackesland,78,79,36,23,83
263190634,Theda,Menco,50,13,7,11,8
21606580,Carin,Schrader,77,32,25,56,53
74902341,Shawn,Moston,64,91,6,95,21
107006088,Virge,Sinnat,20,1,78,44,92
91807254,Alano,Jotcham,66,35,99,48,83
11601029,Pietra,Roy,35,34,75,39,98
122240010,Orren,Danihelka,51,36,17,59,32
91400046,Angie,Grindell,51,54,55,59,61
71001630,Vachel,Swancock,41,31,88,24,24
61020977,Zane,Bellie,88,92,92,52,46
65403150,Delphine,Sirette,73,35,53,48,67
81211300,Oliver,Pynner,47,76,76,56,87
11601074,Barbra,Antyukhin,72,66,76,53,42
91014898,Charmain,Elce,61,76,84,6,64
42100049,Herold,Klawi,3,56,92,27,76
91906359,Mariann,Mousdall,18,42,25,74,47
101114992,Horatius,Romera,91,52,29,11,56
31307604,Dall,Laboune,71,61,78,51,11
111308031,Teddie,Carlett,39,85,48,93,87
114919676,Kelley,Klimentyonok,22,17,83,61,81
322283835,Colene,Corgenvin,13,3,73,96,15
51402071,Diannne,Pashan,82,91,70,78,56
81904808,Staffard,Cullerne,46,37,15,39,50
74914407,Alwin,Hartzog,32,10,90,19,73
103110813,Johnny,Calbreath,3,48,19,4,16
241282632,Sophronia,Fere,65,58,71,49,37
63106734,Timothea,Lambird,77,74,78,85,52
64102290,Lauralee,Mc Caghan,37,76,99,97,12
75017947,Denny,Dani,59,80,5,4,50
72414297,Marilin,Lilloe,1,76,99,40,25
83908420,Hephzibah,Mizzi,33,44,69,72,34
75902340,Jourdan,Toulamain,44,84,89,80,24
114901147,Natassia,Daniele,4,68,27,66,45
61000256,Kellina,Newlands,13,34,20,57,89
51009296,Andria,Thurske,1,8,46,52,72
84205656,Shanie,Marczyk,64,2,33,62,45
41211298,Norine,Spinella,85,33,2,2,77
71922379,Rudiger,Cornbell,40,44,62,51,28
92101030,Reynold,Dumbelton,3,25,70,75,84
265270413,Fielding,Gouldstraw,57,41,85,17,23
51502434,Toni,Wong,36,19,93,31,74
72413557,Daisey,Shireff,85,56,79,35,47
231371799,Cristin,Albutt,79,37,46,79,26
122203248,Peterus,Ojeda,30,26,78,61,41
84205766,Nissie,Winterflood,76,2,81,36,18
75900465,Franciska,Meatyard,90,11,97,41,93
51502434,Tyler,Alekhov,89,69,32,34,8
114922430,Cordy,Byllam,42,88,50,77,100
221982156,Gabriel,Limrick,92,94,30,91,41
84201223,Nonie,McGaffey,35,12,84,33,43
71909211,Kittie,Alman,45,22,28,100,47
71900663,Gran,Smithies,68,35,59,9,84
67006432,Sammy,Gundry,48,24,42,4,61
81503490,Ozzy,Iskowitz,56,54,78,55,77
81307227,Charlie,Waldram,91,41,59,87,82
211272465,Benn,Adnams,1,29,23,89,33
65404913,Fidelia,Katt,35,35,61,66,36
82900380,Fidelia,Jahndel,24,15,93,1,43
61101100,Marietta,Bourgourd,74,83,74,18,7
75072157,Elberta,Argyle,73,61,24,52,39
82900911,Dru,Hendrickson,60,97,80,38,74
301271790,Clemmie,Annett,76,3,27,26,70
122243321,Even,Stebbings,21,73,94,40,60
112204286,Eduardo,Scholz,55,18,35,18,7
64108605,Ruggiero,Colrein,69,8,93,79,63
256072701,Lesli,Tolefree,45,58,51,30,76
91201818,Caitrin,Bogeys,52,26,19,69,90
63115437,Rodrick,Bisset,46,39,11,12,53
211384162,Ladonna,Bridgewood,51,11,17,34,12
122238938,Westleigh,Trevear,23,19,23,99,65
111101377,Allen,Petrovsky,62,50,89,42,51
51404118,Tabbitha,Havers,64,51,23,1,57
262285223,Chev,Helstrip,16,91,9,28,96
72413599,Garvey,Done,30,17,2,18,43
75000734,Kalila,Wondraschek,40,54,72,33,25
65002030,Eustace,Hourican,91,98,72,54,83
84307033,Frayda,Drewell,29,28,39,25,16
114912275,Corena,Seyler,42,46,19,6,69
71925538,Aurie,Campanelli,40,91,64,39,48
263190757,Juanita,Ruhben,49,66,94,39,34
82905181,Danica,Hillam,70,65,53,50,98
211170169,Carney,Bastick,82,58,33,29,21
111304608,Rori,Wragge,76,37,72,21,38
101918240,Rebbecca,Holywell,45,51,90,46,70
91300719,Carina,Manuello,97,98,27,81,53
53202305,Mandi,Meas,55,10,92,59,89
71923747,Audry,Warkup,80,77,55,61,89
71001630,Meryl,Mackett,17,84,26,62,39
53201186,Richart,Tolliday,59,3,98,69,16
71105002,Alejoa,Kinkead,59,58,76,64,6
65203499,Minna,Dunkley,78,55,50,46,20
102101496,Alyse,Gabits,92,50,22,43,55
62000019,Orsa,Learmouth,23,94,7,4,77
42201948,Renata,Dykas,26,100,22,11,34
62206415,Rogers,Ivanyushin,53,57,25,62,93
122243457,Shelton,Kunc,25,86,21,33,17
61204612,Arlen,Gobeau,25,23,20,68,76
113110780,Fidel,Rodgers,31,62,92,75,34
113122655,Peadar,Brompton,22,36,83,51,12
103101929,Noel,Caught,17,15,54,17,59
61209756,Mitchell,Spickett,95,26,60,57,16
82901457,Carney,Redsull,41,40,34,50,98
211970055,Nelia,Mattke,79,11,81,10,26
65002108,Marcellus,Discombe,23,22,51,76,67
323270300,Polly,Savine,19,30,11,9,64
67005679,Nobe,Brake,1,22,59,37,65
73915520,Nollie,Locke,40,6,95,3,24
67091719,Dino,Davenhall,83,79,9,90,98
63113015,Frants,Boughey,46,66,87,15,94
104900679,Frannie,Rigg,51,53,84,44,97
111916452,Lazaro,Kid,47,29,65,64,55
111906161,Berny,Caps,11,63,12,13,47
264279334,Gerhard,McNellis,71,8,31,98,78
101106379,Demetra,Cristofor,79,75,77,74,98
113110816,Timmie,Mitcham,83,77,16,84,40
64108757,Holmes,Dunwoody,88,30,82,11,25
107003418,Sully,Dawid,17,53,10,3,75
73903150,Myer,Mandre,93,40,31,56,17
211372352,Marco,Drysdale,81,77,1,29,2
103112329,Tabina,Cardinale,59,41,45,11,100
92901803,Adams,Baythorp,23,2,5,60,73
122105252,Jerrold,Bailess,90,80,80,10,88
284272654,Colman,Cavil,35,85,60,44,61
111900455,Caryl,Audsley,28,9,70,15,78
21207358,Cindee,Tomik,64,8,41,88,53
83002533,Isis,Dudley,44,74,14,9,43
261170740,Caldwell,Izzard,51,63,96,64,21
101102496,Olimpia,Maymand,71,25,53,50,51
64203021,Rhiamon,Glowach,54,18,72,93,54
21172661,Beale,Kordova,34,1,75,41,18
122041523,Bebe,Crippen,65,51,42,1,94
65301689,Kippy,Joselin,83,59,77,34,81
111924305,Derron,Mothersdale,95,6,44,79,23
74000162,Early,Brilon,62,39,21,60,64
322271779,Vitoria,Baxstar,31,55,2,69,14
114922430,Giulietta,Finnie,44,92,8,4,61
55000770,Cosmo,Harriot,84,69,35,32,5
63114632,Netta,Glazyer,39,13,94,18,89
101102836,Ruggiero,Spelsbury,57,66,9,37,100
103101424,Sunny,Vogeler,3,51,100,17,83
111321270,Gustie,Roelvink,51,96,47,30,20
73920845,Marilin,Caldow,9,40,32,76,63
31317380,Lindsay,Slisby,19,10,63,51,53
65301197,Lily,Jowitt,20,97,8,70,95
71909198,Lezlie,Trotton,23,19,67,89,36
43000122,Lyndsie,Flaune,29,35,73,98,23
211272504,Riane,Gilford,44,78,2,3,64
91401919,Tami,Khotler,27,49,2,52,48
64108757,Marrissa,Alywin,79,63,3,60,84
71902629,Gav,Maile,57,53,49,33,33
31301053,Ben,Stockport,25,84,6,69,31
113014077,Fran,Eyckelbeck,93,31,79,74,21
65303069,Ruperto,Asp,13,82,29,25,17
71917232,Shanon,Polly,86,73,35,10,79
86518723,Noak,Pickring,24,90,2,39,3
101100922,Blinni,Marsie,27,16,57,69,72
111306871,Demetri,Plackstone,74,6,66,20,74
52100929,Fidole,Gremane,95,90,31,16,4
91015224,Magdalene,Bushell,40,66,88,70,24
71114491,Matthus,Cecely,70,75,48,4,55
31000040,Isac,Itzhaiek,83,25,11,67,62
103912723,Sawyer,Kaman,47,93,1,42,3
281581047,Berti,Finch,64,70,16,79,65
64000185,Jeff,Brogiotti,18,87,55,72,7
91916093,Elissa,Peaden,98,92,78,57,15
41201703,Skipp,Leet,82,85,86,63,79
243073632,Otha,Lynskey,46,68,9,78,56
113001077,Staford,Darell,37,24,64,77,50
103106843,Tony,Cole,34,30,37,71,51
221472776,Kleon,Caskie,5,54,34,42,91
75901642,Mathilde,Lembrick,75,69,29,70,60
104000702,Lita,McCroft,19,9,13,53,28
226072375,Terrijo,Tersay,8,63,7,96,80
253173661,Janot,Wittleton,68,4,86,56,41
264271361,Dalis,Marrable,68,19,26,28,56
75907497,Elisabeth,Girsch,81,62,74,77,95
113104521,Abe,Bovingdon,86,100,51,57,73
62000080,Luca,Spir,71,30,74,44,7
322271096,Colby,Greatex,73,10,74,78,52
71111986,Bobine,Parres,12,98,49,88,38
103000800,Aarika,Sporrij,92,67,67,76,82
91404369,Ajay,Marnes,26,19,98,80,81
51404260,Duane,Novotni,24,50,45,82,88
81501489,Glennie,Colquite,61,6,41,10,46
63292499,Nicol,Dicks,16,48,85,36,82
51409139,Marsha,McOmish,35,30,42,80,79
61208126,Harmonie,Blose,20,10,39,94,48
221471971,Mari,Stollman,65,45,100,36,72
274070439,Levy,Roughey,68,5,63,91,50
26015079,Lenka,Crake,82,97,3,69,53
122105760,Shelagh,Liebrecht,24,9,54,89,81
84202219,Lilly,Stading,36,80,72,92,1
101000789,Lise,Grabbam,6,65,38,14,21
103012869,Laina,Olenchikov,73,100,60,4,65
82907888,Gerek,Marages,74,51,94,4,4
63114700,Cliff,Starcks,95,17,24,39,20
63115738,Darla,Pasek,57,2,59,24,29
51404118,Christopher,Raynard,8,85,83,98,59
63114946,Georgina,Eisenberg,93,32,84,20,26
72406771,Angelica,Cresser,62,38,42,57,50
53200446,Constancia,Messum,68,49,68,48,77
111104853,Laney,Amphlett,33,31,16,30,20
125102278,Andras,Szymaniak,79,21,17,16,95
72402788,Pen,Gillino,12,44,50,20,82
91800329,Felipa,Newlan,17,48,33,62,72
21214875,Ulrich,Perri,35,30,30,38,28
123206406,Eduino,Hawkswell,64,81,91,3,26
122237751,Belva,Braemer,60,49,81,84,93
82904483,Cad,Quest,48,4,37,36,39
84303545,Abagail,Johnys,51,30,52,94,99
62206732,Esmaria,Ashley,69,9,29,70,31
61119477,Antonia,Clyne,71,14,39,27,14
84202235,Fidel,Jurczak,40,21,20,49,59
61019506,Jennee,Prewer,45,36,50,75,13
41002711,Edwin,Flasby,80,69,42,43,22
81000032,Rafaelita,Deeley,39,7,84,96,30
84203043,Gayler,Link,27,32,24,51,78
122243648,Mylo,Janeczek,50,8,68,82,8
53100355,Roseline,Mainz,67,72,69,63,39
61103920,Mallorie,Byars,51,91,46,75,73
75010193,Emmet,Hannaford,85,82,100,26,6
53102191,Fenelia,Gillson,13,80,30,32,7
281073555,Patric,Spawell,99,58,8,40,34
125105550,Elberta,Chafer,70,59,66,13,83
244172082,Van,Venus,3,97,3,99,49
251472636,Chet,De Zamudio,98,24,27,1,13
121142517,Kaylil,Bleacher,30,95,39,33,12
211870977,Dixie,Duerden,10,44,76,86,19
91308795,Lane,Erlam,56,19,61,83,98
253174851,Simona,Shapiro,1,77,89,18,83
111915770,Crissie,Kirsopp,3,62,27,48,90
71925169,Sonnie,Farquarson,51,45,70,90,76
104901610,Babita,Riddel,82,61,16,5,97
81914775,Mavis,Radki,97,75,41,62,52
31306029,Blair,Mosey,99,23,79,80,63
21207206,Urson,Caldwell,33,21,79,92,86
123203218,Hillier,Garrow,87,87,75,96,62
22000046,Reilly,Caddie,4,28,76,22,53
84202060,Emmie,Ashman,38,41,93,37,36
111904215,Harold,Klaus,45,65,81,22,25
81908590,Ertha,Yurocjkin,42,59,7,72,1
64101398,Ethelyn,Manhare,48,27,14,20,48
111905340,Enriqueta,Mounter,28,55,96,72,20
63114108,Rodina,Anslow,1,45,62,36,53
72401789,Dominga,Possell,22,20,22,42,42
72413599,Sterne,Houldcroft,96,27,22,53,21
122200759,Hymie,Bossom,22,25,59,5,8
75906951,Chastity,Rubra,44,7,53,50,14
11375245,Nikolaus,Zecchini,23,11,26,92,70
123206590,Willey,Baty,58,77,89,13,34
65403477,Delilah,Calan,24,52,83,72,84
82901101,Hally,McPherson,88,9,40,28,16
103103749,Rurik,Napolitano,36,7,18,88,64
111914849,Etan,Gigg,5,78,35,44,87
101001351,Tedman,Wolver,83,59,66,47,21
91302788,Felecia,Fayerman,37,26,56,12,3
75902816,Denni,Griffin,91,46,29,1,98
264279279,Janek,Gasker,19,23,85,45,55
86518723,Tammy,Isakson,97,34,79,41,73
74903337,Nikolaos,Yann,2,37,82,60,68
72413654,Ezra,Sandry,71,33,75,38,98
91206101,Asher,Carass,17,73,18,19,51
125200044,Lilias,Skurm,7,4,93,56,68
114909165,Mignon,Beeken,14,97,71,73,53
125107008,Ludovika,Duerden,71,47,12,37,90
111907827,Gaston,Gantley,66,90,24,66,69
75900148,Reilly,Castel,24,76,79,41,42
75907808,Yancey,Lergan,74,15,37,4,74
122037841,Addi,Trundler,56,40,11,63,73
111921777,Torr,Reynolds,64,31,15,55,38
74905173,Rick,Pyson,22,47,13,77,37
122240890,Hedi,Moakler,31,70,2,52,59
107006143,Gerrard,Ferrari,49,70,82,15,93
61103357,Gratiana,Nuschke,85,62,87,8,4
31318596,Margaret,Ivic,92,10,70,74,96
53202208,Rickey,Yakovliv,10,48,44,59,34
75903763,Claudius,Downgate,4,41,11,75,18
91212179,Mira,Bettesworth,98,23,93,11,94
73915520,Lemmie,Honeyghan,76,11,92,52,6
26005050,Gasper,Ioan,27,40,59,91,18
71104715,Roda,Freen,67,64,23,67,65
123203878,Kirbie,Banaszewski,62,78,68,26,24
11302357,Lu,Arrandale,63,47,63,80,81
43300712,Eloise,Mendonca,4,78,65,14,1
22310422,Dugald,Flude,73,79,77,11,19
51405450,Jacky,McCloughen,5,54,92,88,53
53112631,Alric,Curedell,61,73,41,52,87
122237955,Brooke,Bazell,8,10,39,55,50
67005679,Nils,Deplacido,92,48,2,11,50
61101032,Raleigh,Flukes,40,21,91,36,38
11100892,Abbye,Keasley,51,81,88,14,38
67015258,Crin,Lamzed,11,17,37,48,32
113015995,Carlie,Trighton,25,84,35,47,57
61206432,Cyrill,McAster,80,99,51,8,72
111320006,Lanae,Van Halen,46,96,73,70,7
74914407,Yank,Lezemere,96,96,3,52,92
81514829,Marybelle,Currer,74,74,40,11,39
101115098,Jaye,Jirsa,39,98,20,74,23
107003612,Katine,Measen,69,43,48,93,87
102004519,Dorris,Grogona,27,24,96,4,74
211371638,Wash,Shellard,98,69,23,50,21
254070019,Duff,Lintott,95,2,23,16,85
71921697,Cindy,Jillitt,100,95,100,82,77
65404913,Glori,Riha,14,14,94,50,72
114922430,Frannie,Cressor,48,64,58,40,91
122242607,Jolee,Lathom,5,75,61,38,8
91407133,Ruy,Mattheissen,91,92,78,47,46
104903362,Blinny,Deignan,23,89,72,100,51
103013211,Claire,Lofthouse,43,87,46,25,80
84205559,Bernardo,Kernes,82,52,6,91,17
91216696,Oriana,Kalinovich,2,64,95,25,80
11104322,Moses,Buer,91,88,82,38,42
72401064,Valery,Lester,12,73,94,22,27
125102278,Durant,Cahalan,64,28,4,58,71
123206846,Ahmad,Luetchford,38,4,97,45,95
72413751,Sergio,Oosthout de Vree,52,42,29,78,93
322280485,Alli,Wintersgill,100,2,97,31,80
31313562,Flint,Brimacombe,83,7,40,56,22
101105257,Curt,Curbishley,92,46,65,3,83
11000138,Petey,Lorey,79,62,55,67,1
271071402,Jamill,Dunan,50,60,89,25,6
65403150,Mitchael,Cuskery,51,85,83,39,54
111908509,Andeee,Ascroft,26,57,41,70,78
64201560,Darby,Dantesia,43,100,4,9,91
114922265,Nicolea,Skains,76,65,98,37,95
242070791,Wilburt,Muffen,62,23,64,70,32
83912393,Harland,Knowlden,51,53,92,16,22
61300367,Maurine,Flagg,86,42,83,57,18
41201703,Manya,Schofield,93,46,27,91,6
75901480,Rosalyn,McIlrath,69,4,7,42,32
21201639,Cari,Cockburn,23,65,5,77,73
67016105,Adrien,Head,96,69,31,59,80
64107729,Ada,Dericut,19,50,91,26,99
211672531,Cassie,Pickburn,43,52,27,21,4
322280485,Janeva,Dicky,65,77,84,30,20
11601074,Christian,Grog,64,55,5,67,10
65302701,Martelle,Shekle,40,46,23,67,90
71119865,Sharon,Cheshir,18,65,71,64,62
72413832,Rosamund,Poznan,50,53,96,36,11
65200515,Griswold,Capnerhurst,59,8,52,56,91
63105544,Nicolai,Dyter,33,7,82,62,94
82904043,Sherwin,Durkin,36,18,30,81,67
102000937,Wang,Hrishanok,99,11,82,100,40
21207413,Leone,Mazzei,16,7,32,88,33
75909660,Theresa,Saben,10,17,37,47,61
42104249,Roxie,Harmar,71,18,50,98,42
211272504,Filberto,Finlason,30,69,78,94,70
61113279,Davis,Walesby,61,22,8,32,19
103912956,Torin,Petrina,58,62,68,41,82
102005916,Taryn,Kirton,55,47,54,2,93
122187212,Sibel,Bufton,50,13,33,6,52
71925224,Anjela,Exelby,21,82,31,31,53
21407912,Marita,Purvess,44,87,17,13,84
274970791,Sybyl,Loud,52,28,64,78,1
21407912,Buffy,Suttaby,98,88,79,80,31
52173464,Alissa,Troke,87,83,89,100,46
73907758,Goldie,Tattersfield,1,56,61,20,75
113125380,Brannon,Gilphillan,92,18,24,98,31
121142834,Paul,Budik,3,82,99,96,88
71117760,Sherwood,Barnwell,70,17,77,2,66
122239843,Fee,Shorten,48,93,58,58,55
281073568,Dwayne,Futter,85,33,18,65,25
73920557,Bertie,Skillman,25,73,86,35,14
111917590,Gale,Arbuckle,89,82,80,38,54
51403164,Arvie,Wiggans,70,76,10,54,71
61000052,Alden,Loynes,1,17,12,7,75
11401533,Rancell,Boyd,4,68,64,83,71
81001714,Marcelo,Salan,25,69,88,89,69
21906471,Bebe,Le Fevre,26,100,10,9,68
31315382,Haze,Gingell,66,94,89,98,16
113109720,Netty,Davers,59,90,90,75,19
101113812,Rosalie,Wankling,79,38,89,39,45
122087590,Paloma,Iannuzzelli,2,78,27,26,31
71905985,Almira,McGougan,71,90,100,55,18
91101455,Thorndike,Grosvenor,9,89,87,20,48
113116292,Frederick,Djuricic,12,51,30,44,17
63115372,Clarine,Housin,35,18,54,53,30
101015020,Truda,Coaker,21,51,89,33,55
104902392,Dale,Pettiford,61,88,73,29,96
122242034,Lorenza,Mila,14,89,60,100,74
63115631,Courtnay,Willerson,5,49,28,20,64
124002942,Jasun,Whotton,91,6,13,43,99
81519510,Stacey,Falcus,56,91,40,76,27
31205955,Tedman,Mounsey,84,86,95,79,25
71106250,Avie,Bowart,12,47,19,7,32
103112507,Tybi,Carayol,39,20,39,91,2
71107220,Letisha,Follitt,78,52,34,41,100
82901101,Jephthah,Brereton,51,88,10,57,66
211384162,Dita,Bover,7,2,72,23,86
121141042,Yulma,Sumers,96,37,55,48,49
81510739,Rawley,Clappison,33,60,54,90,17
114921842,Mimi,Etherington,5,4,22,65,48
107000275,Arel,MacDiarmond,3,51,39,98,8
81019104,Orren,Mortimer,28,66,79,54,86
52100893,Marylee,Hyndley,91,97,39,60,44
65301566,Pierson,Aitkenhead,62,83,82,19,47
51404118,Darla,Praundl,59,22,83,61,74
44000037,Fonzie,Doumerque,71,82,9,13,84
53112343,Bryn,Quick,16,92,51,17,58
71117760,Elwira,Cyples,68,98,44,29,2
71108669,Sarah,Goretti,73,30,1,57,26
122239937,El,Tomasz,40,22,83,21,77
81912379,Ingunna,Royal,87,92,1,10,47
104913048,Julius,Olivia,53,48,38,89,18
64207771,Burk,Lengthorn,48,27,65,85,82
75912165,Claudell,Stallibrass,40,18,75,83,82
65405255,Isabel,Pickring,48,17,48,51,4
73914411,Simone,Hallihan,47,87,63,7,55
62202749,Cullen,Blampey,71,52,66,96,49
91915311,Felice,Custed,46,41,43,54,31
111323689,Janet,Bruckstein,70,71,41,16,16
61112843,Leonardo,Gilhool,12,70,53,38,40
111303117,Fair,Joder,46,44,96,20,69
72407123,Joela,Dytham,53,18,78,86,24
113008766,Naoma,Klehyn,79,47,56,34,100
313072819,Gard,Cardenoza,97,51,86,5,15
271973924,Anetta,Gaskin,74,29,79,78,32
62201724,Tremayne,Santello,32,16,98,4,50
71921532,Josias,Boyd,52,1,78,27,33
123103868,Estrella,Gummary,86,70,41,38,91
65201116,Al,Chaperlin,43,89,13,9,80
71109891,Ewen,Bitcheno,73,52,9,79,53
111103210,Darsey,Waylett,84,48,78,32,74
63292538,Ania,Will,7,1,20,90,44
53200983,Penny,Rookledge,44,26,85,59,37
74000065,Camila,Stayt,86,35,38,94,13
26013958,Reece,Knewstubb,91,99,71,47,95
121142779,Spenser,McMichan,60,8,64,100,6
267090536,Jo ann,Cund,36,59,52,100,9
255070351,Constantin,Henningham,37,71,6,48,86
111901467,Giorgio,Maulden,52,27,91,67,57
84008358,Lindsey,Geraldini,34,67,53,65,34
91800329,Virgie,Rivett,7,59,22,86,18
62000116,Anna-diane,Ollington,92,19,32,65,69
51401836,Jeremy,Margett,3,53,64,50,79
53208053,Jorey,Yakovlev,88,20,2,25,94
243373206,Gus,Lipsett,65,77,51,46,40
107089555,Shandeigh,Siemantel,24,71,76,78,98
104000058,Tedd,Tidbald,43,2,97,63,9
101100223,Eugenio,Fife,80,80,53,7,22
271970066,Debbie,Charrisson,9,97,49,94,41
71002134,Bryanty,Miettinen,34,37,90,96,72
271974295,Kaela,Yetts,50,34,45,48,10
62201779,Bendite,Matlock,60,30,30,53,99
111319004,Tamar,Sandiford,19,52,89,98,45
314072986,Fran,Winham,36,80,55,64,59
265371053,Carmine,Bride,47,96,23,74,9
226070270,Friederike,Bulley,17,65,16,93,88
124100080,Ches,Colson,58,12,26,66,86
42107424,Broddy,Garahan,100,19,9,82,89
81519303,Leonerd,Hegge,50,18,37,37,7
113104880,Ric,Odgers,44,10,93,53,46
71905613,Izabel,Sisneros,93,53,66,44,94
67005679,Laurie,Coull,59,44,96,100,47
111909443,Brad,Horsfield,7,41,91,81,54
56005318,Erika,Kenneway,1,77,38,51,72
61104518,Ollie,Heynel,73,10,46,6,82
272471551,Peyton,Brunn,39,76,22,22,50
53100258,Irena,Vigar,31,36,17,10,54
61119781,Vanessa,Irons,11,1,80,78,80
11110688,Luigi,Danson,8,55,9,26,35
121141107,Lissi,Balle,72,63,13,24,88
103102229,Udell,Ewenson,46,42,62,56,82
53100494,Sly,McGinn,55,12,98,47,39
101001005,Edgar,Petric,73,8,58,70,95
51400361,Baily,Straniero,41,23,36,87,39
103100739,Laural,Conner,27,19,92,82,47
271070788,Peirce,Belsey,18,95,43,50,58
42174509,Janos,Bim,20,94,63,30,91
101114303,Iain,Albers,57,83,7,82,59
21502354,Lorita,Joplin,20,56,54,54,93
72404142,Elmo,Cabrera,68,77,78,54,24
72413609,Dale,Gitsham,87,6,8,60,98
322280870,Karyl,Esche,95,93,25,100,62
53100258,Decca,Dreng,41,82,92,57,62
41213814,Blithe,Rutherforth,31,96,19,30,24
21401617,Morgen,Christoffersen,77,88,25,82,48
263190812,Aldous,Cecchetelli,5,13,89,17,9
72410013,Ashlen,McEneny,84,47,20,65,85
51400549,Alano,Wall,53,7,28,21,41
121144201,Ricki,Tapenden,68,73,43,65,45
91916093,Sasha,Rappoport,10,76,37,28,99
65401000,Tera,Kleinhaus,45,35,81,66,50
114902793,Wren,Nock,69,93,43,6,95
41202922,Dario,Labrone,60,5,36,66,14
111904998,Phillipp,Badam,39,52,12,16,42
74903890,Karleen,MacIlhagga,84,73,94,46,18
56073502,Felike,Pohlak,35,67,20,4,87
121142148,Betti,Rowbottam,33,16,57,68,1
111925045,Henryetta,McAuslan,42,89,49,85,58
281073555,Corie,Luther,44,51,75,97,15
62101219,Jacquelynn,Skeen,79,52,54,100,95
271992219,Danita,Cousen,71,10,37,86,14
62200783,Eachelle,Blaschke,98,34,77,82,18
111901690,Nilson,Owbridge,92,36,61,17,21
281073568,Giana,Hyatt,65,40,24,96,54
81908590,Myranda,Lathy,28,28,97,15,35
125108191,Joli,Do,33,70,95,14,99
21200339,Abey,Bairstow,53,13,4,71,61
107002503,Norbie,Kingsnorth,27,78,39,86,76
243373222,Steve,Guinery,64,37,79,89,8
111913756,Willow,Darter,95,81,16,21,30
91200592,Rosita,Klimuk,61,33,74,30,39
113024562,Lorrin,Ravilious,35,22,32,21,20
111303117,Sheffy,Eldred,33,17,7,58,30
82901460,Merrielle,Rush,39,89,81,79,100
71911416,Cly,Bennetto,81,78,34,29,6
73900975,Jerrilyn,Effnert,54,80,36,28,20
83074451,Billi,Quarry,56,19,73,70,34
63114894,Cullen,Jardein,54,40,24,94,71
42102018,Jamesy,Tie,84,81,85,22,5
107004695,Georgy,Conrard,19,87,95,18,1
211172785,Calv,Kira,18,71,75,90,92
325182797,Nadeen,Caunter,82,64,25,42,20
292970744,Harper,Kibbel,27,12,20,84,76
75903527,Marielle,Bingall,91,96,82,18,8
74900194,Saree,Ronayne,5,13,19,69,10
61203338,Wilow,Ottee,80,78,66,92,22
61101799,Joyan,Carlett,51,20,89,74,62
62003977,Udall,Forre,15,50,7,44,70
61000052,Norah,Fullylove,39,81,90,16,31
114905567,Vernon,Wrenn,42,11,79,55,46
61112788,Jami,Jansen,26,84,94,45,100
111912252,Shepard,Lavis,79,41,100,75,94
26010605,Willie,Dobing,21,82,49,26,35
91802877,Libbie,Whitelaw,39,93,65,83,14
54000551,Reginauld,Stelfax,60,73,55,28,23
62204789,Alix,Brownsmith,26,70,75,65,31
62005690,Gregor,Gillino,11,58,64,40,78
113104712,Dasie,Le Moucheux,19,1,64,91,29
103901491,Nisse,Kearn,28,47,34,23,4
83901650,Hasheem,McEttigen,47,65,9,15,21
111309030,Analiese,Sey,7,90,100,28,63
242272612,Chalmers,Goulthorp,6,88,21,50,2
121000248,Napoleon,Ambrosi,47,5,69,59,53
231372439,Eilis,Palay,94,60,17,43,91
44108641,Angil,Heap,10,54,1,74,66
56007387,Kane,Fluit,52,43,31,51,82
102301092,Orazio,Jenkins,55,25,5,9,74
74912807,Griffin,Aleksandrikin,51,74,84,20,19
292970744,Arman,Clewlow,30,50,1,41,67
113102552,Chaddie,Varga,70,36,11,76,77
61101113,Torey,Jandera,43,54,48,97,15
52101588,Beniamino,Humpherston,71,6,99,52,19
111104581,Gauthier,Shippard,12,72,65,11,53
101105817,Daphna,Daly,70,19,80,77,19
101101620,Liv,Vaisey,97,33,64,48,51
253170253,Carr,Gonoude,29,24,75,97,47
107006059,Michael,Feldheim,17,5,55,35,24
81909146,Bjorn,Kern,59,78,55,12,44
111914218,Lurlene,McCamish,83,29,65,57,14
91800015,Ansel,Kilmurry,48,64,79,65,49
31201467,Rudy,Mardoll,6,1,48,23,9
74001048,Lonnard,Sindle,20,79,49,83,28
125105741,Bernardina,Laboune,68,48,17,25,65
91300010,Waylon,Adlard,95,90,68,13,78
211574613,Cordelie,Swinglehurst,32,2,69,32,55
254070132,Claudianus,Getty,70,86,92,92,93
271971560,Karl,Goodridge,7,60,10,98,70
53207931,Katerina,Davidescu,68,77,52,33,45
114916705,Giacobo,Androck,19,36,42,10,14
91106146,Joella,Jory,51,4,2,95,9
43302493,Claiborne,Gettens,28,25,79,49,91
31207937,Jen,Harbisher,69,6,75,56,47
63114836,Nicholas,Earey,34,39,89,44,27
51403517,Lolly,Bigly,13,83,66,67,96
101206800,Maxy,Reinbach,57,48,82,38,21
91501767,Lorain,Rugiero,64,43,77,64,57
44205146,Pernell,Denisovich,86,74,85,43,74
74912988,Jude,Dankersley,96,42,96,81,36
111000025,Angel,Kenshole,67,52,87,82,73
103103749,Bobbye,Bletsor,12,10,41,91,66
61000256,Will,Denizet,85,37,94,23,14
51403465,Chickie,Olyonov,22,40,7,56,43
65201611,Tonya,McArley,21,21,45,84,27
113102442,Omero,Mahady,27,98,9,66,1
111906271,Marthe,Quennell,26,54,58,49,83
221976861,Benedicto,Qualtrough,96,98,64,10,51
114914516,Madeleine,Banbrook,47,15,82,29,11
53012087,Denna,Westfield,27,31,100,74,39
71001685,Wood,Oley,83,19,42,41,15
43310980,Adora,Pettingall,78,28,61,95,49
61103548,Philis,Tomik,28,67,41,74,39
221571473,Penny,Yeo,9,41,17,23,7
226071004,Winn,Dmisek,13,64,9,85,28
125104865,Cherey,Hardacre,64,5,75,16,73
63113772,Tan,Iacovini,3,37,56,31,55
123006389,Hughie,Astbery,78,6,61,37,30
41203895,Leonidas,Sydney,11,38,38,40,1
111914289,Amaleta,Bleasdille,46,46,69,23,27
125108890,Miranda,O'Flaverty,93,59,19,64,99
63013924,Laryssa,Tedstone,81,96,27,11,90
113110667,Deny,Rockingham,21,72,26,21,25
91300010,Ileana,Zammitt,76,66,97,54,35
71905040,Del,Kalinke,23,4,74,82,84
83902387,Klement,Hartford,83,61,52,53,1
21502105,Lowell,Van't Hoff,35,93,80,45,70
244072166,Aubry,Guitt,52,36,47,94,38
71925169,Wilfrid,Fass,33,18,60,46,56
84205559,Celinda,Gendricke,92,97,3,79,90
74906622,Bren,Barnwell,61,62,63,86,62
65401712,Olva,Roake,15,86,83,83,97
122239322,Sibbie,Rudsdell,8,68,93,87,63
221372274,Elmore,Howard - Gater,78,4,16,99,40
83901100,Earlie,Fessions,38,75,21,79,86
75910387,Heinrick,Cornforth,97,26,100,30,8
103102481,Hersch,Hutcheson,73,74,80,53,42
51404529,Sergeant,Speaks,52,88,35,17,83
111317857,Arther,Osinin,5,32,87,83,19
72413036,Job,Tibald,4,78,75,24,65
42202264,Frederik,Mauro,24,60,18,79,82
111101157,Jesse,Mansel,88,62,82,100,72
74900657,Elysee,Lysons,35,41,22,67,18
72403907,Meredith,Hawse,35,74,9,69,92
65303920,Wilfred,Klich,87,86,80,57,83
122000496,Jennette,Rummin,57,94,15,49,63
62204158,Reece,Laverty,8,25,87,72,64
122241132,Hamil,Spensly,31,9,86,54,54
112201959,Shalom,Mounch,19,62,34,27,13
121000853,Sal,Lincke,25,68,49,25,90
91904872,Howie,Kores,100,57,36,16,6
111321856,Sheilah,Shurman,49,42,44,20,69
42015422,Arnoldo,Werrit,74,98,64,42,30
83905203,Ferdie,Ewer,58,23,5,76,79
304971987,Kirbee,Viccars,89,12,83,90,53
65305902,Aurelia,Silly,22,33,63,21,5
72401831,Pauline,Broune,28,61,87,53,77
63112249,Dodi,Lansley,73,62,87,19,52
11075202,Lane,Shilston,3,93,9,59,69
91305329,Sissie,Openshaw,53,28,52,5,88
61102617,Bruis,Tidcombe,1,13,87,12,100
103110046,Ethelyn,Peron,38,28,87,76,27
125008165,Alexandra,Staterfield,53,68,64,64,23
111916436,Dame,Jewes,92,33,59,65,11
81010860,Hayden,Ishaki,17,37,18,98,35
42102788,Carrissa,Turpie,69,59,19,95,66
42306720,Ginny,Klimek,18,96,48,36,37
281070778,Elinor,Buckle,19,43,16,33,45
114917319,Ursola,Bleackly,3,5,49,5,3
71115801,Ignace,Lambarton,100,69,90,83,17
75901998,Leonelle,Antognoni,42,2,49,90,5
71103619,Lydon,Romney,75,93,21,14,61
72413560,Rafaellle,Kondratyuk,53,67,100,38,3
61000078,Jobey,Mc Ilwrick,92,55,23,40,98
73907091,Corrine,Kellogg,8,30,61,54,15
75001322,Nady,Nottingham,83,87,91,25,60
121181866,Tracy,Flecknell,45,3,59,32,82
91501204,Pammi,Barbary,73,72,69,71,53
82901091,Austina,Perkis,90,62,51,98,4
111901564,Agnola,Jacketts,46,94,10,84,97
111907348,Brion,Thomlinson,39,12,11,95,60
52100929,Pat,Cordova,35,78,45,76,90
82901619,Sloan,Prott,89,58,73,57,77
31309123,Halette,Ashelford,9,35,40,41,22
53112631,Candie,Klimkovich,46,30,76,95,69
111101461,Morganica,Pearlman,27,66,76,25,74
71002095,Ophelie,Guymer,72,2,47,14,86
101217750,Kirby,Ephson,20,8,91,27,90
84303545,Ibby,Chetwin,44,97,69,68,92
11900652,Gualterio,Ianetti,12,15,36,100,8
114903190,Phaidra,Hastilow,52,81,23,36,90
121142850,Truman,Brereton,86,31,57,64,52
114912709,Pet,Lathaye,95,14,73,88,85
31309123,Marty,Samper,73,4,18,60,17
86300041,Wynne,Cliburn,75,8,6,64,72
81204126,Wiatt,Kynnd,86,69,78,42,21
31305596,Bartholomeo,Godwin,38,18,91,88,83
86518477,Rici,Palek,32,35,83,56,57
122200759,Florida,Forder,54,42,60,74,59
81216240,Bibbie,Sells,68,72,25,78,55
111904859,Faith,Casham,88,29,63,27,81
63105405,Jedd,Danahar,1,28,64,33,4
11601074,Clotilda,Balnave,37,21,18,33,74
65302895,Carlyn,O'Heffernan,53,86,95,79,71
211170169,Bronny,Pitkin,90,69,98,63,7
41203895,Car,Havard,83,96,40,74,92
122105760,Enriqueta,Matteau,24,4,95,77,2
122402175,Nalani,Raithby,67,34,93,56,94
65503348,Marne,Hardwick,51,20,3,17,30
31914437,Ambrosio,Findlater,91,22,53,20,15
91310576,Tracy,Kinsey,33,42,78,92,58
107005047,Michale,Jarrad,58,15,73,84,3
253171728,Tara,Balleine,61,63,64,100,11
121181866,Nara,Braid,19,20,37,14,98
82908560,Gilberte,Spaughton,27,5,41,78,94
84202219,Faythe,Pembridge,33,95,66,69,48
122087590,Gerta,Crane,41,2,20,76,57
71903123,Michelina,Emerine,61,38,33,16,76
65405132,Solomon,Halligan,85,47,64,45,68
86518736,Ram,Seckington,31,32,18,12,9
211172785,Shanan,Wildor,54,7,58,95,91
72412778,Will,Whiteland,74,20,87,87,100
53101396,Jeanne,Hedin,41,92,94,99,33
103008404,Panchito,Cheek,91,74,86,1,68
221971332,Gayler,Botger,73,33,66,30,54
111900594,Naoma,Lathe,98,36,50,14,100
51403630,Storm,Doohey,25,33,10,37,87
64201120,Edna,Dummer,68,33,35,37,61
271990295,Anette,Pellissier,59,10,81,33,57
21202337,Baron,Gallamore,65,82,29,1,50
91205652,Katharina,Akett,77,17,3,74,19
21202162,Florrie,Fulger,80,56,27,41,14
111906860,Sybila,Kuhlen,26,64,64,38,17
123205054,Kalvin,Sallier,78,70,6,47,66
322283178,Alic,Billingham,87,41,85,76,32
125108560,Leroi,Conen,29,51,89,56,80
72000339,Kalindi,Ladloe,56,23,7,38,15
72401064,Haily,Harbard,57,7,3,83,26
221572702,Tallia,Caskey,78,80,96,50,66
113116386,Gabie,Maylour,43,12,26,1,100
71004200,Orin,Mougeot,32,47,61,5,92
102103258,Jenny,Matzeitis,1,2,24,66,15
322271627,Louisette,Wretham,40,5,24,89,29
11201490,Hettie,Wardel,69,26,39,52,65
111901962,Ailbert,Syrad,10,37,15,46,84
72400670,Torrin,Eastham,91,88,98,37,79
11075202,Cyndia,Hovenden,52,65,87,47,30
63115521,Gabie,Corday,56,5,42,90,59
84204628,Wittie,Eccersley,15,93,17,48,81
64207946,Millard,Pennycook,76,20,24,73,25
62203049,Evie,Mosen,93,94,81,57,90
61101294,Ruthi,Alenichev,55,76,55,20,59
101111351,Roldan,Faires,71,53,9,22,24
73910745,Jodie,Alastair,92,33,73,51,75
111307841,Elroy,Kilgour,15,21,3,85,85
103101631,Davon,Woodfin,73,83,87,28,75
64200930,Ivy,Kimmins,77,61,8,34,19
31301846,Beck,Bussel,45,92,94,37,23
52101588,Cindi,Yockney,58,59,5,10,15
82901224,Sephira,Lafee,86,3,67,18,16
124300806,Garvin,Kubacek,66,86,76,87,100
102100918,Miran,Kirtley,69,77,2,92,94
65201349,Lin,Dobrovolski,69,21,79,20,33
241270291,Lucky,Chandlar,76,10,5,44,89
313172670,Daffie,Heaven,80,54,52,52,67
21000678,Gavan,Stibbs,66,65,72,34,60
53012087,Alaine,Menier,36,53,32,55,46
61201864,Darya,Cristofalo,88,99,76,21,5
101113935,Carmon,Ewbach,41,83,96,5,2
56008852,Pooh,Nesterov,70,99,38,65,13
242272272,Gavin,Jacquest,16,3,40,73,86
111916724,Claribel,Bogies,69,81,22,42,52
22300186,Dudley,Cline,61,85,78,55,3
31100490,Stacey,Mankor,31,54,91,91,8
114915081,Desmund,Danilenko,51,13,2,60,29
21206537,Hervey,Mangeney,30,94,14,22,33
64105200,Clerissa,O' Mahony,68,43,96,17,91
63106145,Edwina,Wilson,58,1,26,68,87
322280870,Talbert,Hastelow,71,26,49,4,87
102107474,Jocko,Angelini,61,91,14,74,43
102000021,Homere,Burder,50,26,37,77,51
91915311,Clarette,Byrd,18,62,91,32,11
31100351,Marne,Probet,2,70,49,87,77
122238077,Kristofor,Rubinshtein,64,63,17,31,93
111907924,Caresse,Speechly,90,61,86,45,76
211070146,Ludvig,Kindon,21,39,56,1,75
51008996,Andrej,Brailey,77,55,58,43,56
62202082,Rafferty,Scotchbourouge,88,74,77,27,12
63109702,Lyman,Greystock,46,79,33,90,14
101105341,Antonius,Woodger,83,19,84,15,4
62205937,Nathanil,Monkley,18,22,41,36,17
61201754,Eva,Moye,15,1,53,27,53
107005296,Fletcher,Godbold,98,59,54,13,50
11500337,Muffin,Forlong,31,74,64,41,62
121202185,Kellia,Mc Andrew,84,61,80,21,70
62204158,Gawen,Ivushkin,38,3,33,100,86
51502175,Phylis,Staples,9,51,16,93,51
113003389,Pansy,Worswick,84,40,54,44,85
104102574,Ash,Retallick,39,72,89,77,26
71004158,Adan,Samways,95,19,6,89,51
101206994,Manolo,Carden,3,8,2,34,72
63013597,Sheeree,Eitter,46,1,92,77,82
71102568,Ancell,Presnail,30,29,17,63,66
42000314,Janot,Newing,55,98,72,58,97
322276949,Marsha,Lambillion,93,61,95,4,96
72404948,Retha,Calven,99,66,8,10,76
112200303,Jamey,Geleman,23,58,70,80,9
72401831,Giorgia,Pencott,98,99,88,73,19
91904267,Archibald,Gatesman,31,41,49,61,94
113102714,Belita,Jaqueme,16,28,68,89,65
91904018,Bevvy,Vallerine,16,77,13,5,75
67013852,Myranda,Hugill,96,80,52,94,29
252070435,Wallace,Duckit,7,74,97,6,20
262287218,Marie,Lerwell,44,8,63,49,51
101102182,Urbanus,Petrillo,52,66,35,25,2
84302122,Sly,Vedenyakin,39,74,12,39,70
111321649,Nick,Poytres,94,54,47,92,14
61219830,Orelia,Karsh,51,85,41,49,11
91400525,Lanna,Prier,14,77,41,10,59
101107860,Gabriell,Melia,25,27,38,86,24
71904371,Addy,Sappy,56,40,1,40,61
63110092,Katy,Pierucci,75,48,53,9,57
64101194,Stephanie,Rodgers,69,99,18,45,95
91406972,Isaiah,Snazel,35,39,4,19,55
101100375,Marnie,Hawkwood,76,67,50,56,97
62205131,Frannie,Tureville,15,42,8,33,50
242070966,Timi,Truder,46,37,70,2,37
122239063,Brina,Lacky,28,65,39,41,9
211170114,Ashli,Bresnen,27,67,85,54,25
74907317,Korrie,Node,45,43,9,3,28
51009364,Elysee,Bumphrey,19,21,66,10,74
102105146,Carleton,Wildt,55,98,51,24,39
111907652,Brandi,Durtnell,98,2,15,28,65
73908278,June,Ketchaside,77,69,69,72,39
103103642,Roxana,Neill,9,51,29,56,79
104113343,Iona,Crowley,38,23,84,7,31
71105507,Jackqueline,Ranscome,2,87,44,66,88
112000150,Teodoor,Natt,24,51,64,13,21
111910681,Oswell,Waltering,45,33,75,62,97
107005924,Giustino,Pattesall,79,62,31,98,92
111912401,Hedda,McGrail,43,42,83,27,42
112323387,Aeriell,Elcoate,46,29,84,74,77
121138741,Emera,Reinert,38,55,15,56,77
62200482,Gill,Manuel,81,51,90,4,4
122105647,Melva,Blondin,70,94,70,19,94
31313261,Olag,Venour,68,69,88,49,19
21300077,Junina,Addinall,77,18,24,22,13
72412972,Kelsy,Schuh,34,54,25,44,58
26004970,Zacharias,Slaymaker,70,95,5,68,41
71909198,Miles,Harrold,67,9,57,91,57
72413858,Olenka,Curman,78,89,36,34,63
53207122,Wilhelmina,Seeler,9,30,49,54,29
21408704,Prinz,Basek,32,9,96,87,40
114924014,Newton,Scoggins,63,63,89,8,51
65300279,Coralie,Taverner,90,70,50,53,13
53112660,Obidiah,Patek,10,38,86,77,30
81503500,Carley,Dumbreck,62,25,96,94,74
121100782,Maynord,Queen,9,92,98,53,24
211174356,Analiese,Jacqueminot,97,28,98,78,27
113118342,Waverley,Arnaudin,42,84,93,63,63
53003931,Merissa,Forri,76,16,32,80,46
104100945,Billi,Dullaghan,68,69,66,50,37
112207209,Lorry,Bumpus,50,16,100,59,69
65502608,Peta,Bowcher,97,47,57,26,92
221970346,Ches,Chicco,90,59,13,43,43
124000012,Teodoro,Dyne,8,47,41,7,100
81225804,Lombard,Cluckie,43,39,54,69,41
11900571,Reggis,Grunwall,59,56,7,93,20
91916527,Matty,Dalgleish,2,9,12,41,6
122217056,Guido,Kohler,25,11,27,17,62
21202337,Meriel,Studdeard,11,25,47,27,1
73904890,Hazel,Linbohm,35,37,100,99,92
65302507,Reynolds,Tume,33,2,92,86,11
101106379,Ariel,Clowsley,64,92,70,56,66
83009060,Dario,Jeschner,16,71,58,83,77
91408297,Katrina,Kennford,70,91,88,13,57
74014213,Wang,Truder,21,47,81,97,91
42101792,Kriste,Wiggall,87,18,78,83,45
44115443,Garwood,Matyushkin,32,59,33,29,33
67015724,Dee,Crawshay,35,100,60,76,43
82907464,Randi,Morkham,5,50,15,59,59
83906707,Ced,MacGarrity,23,80,39,15,64
75009188,Daveen,Knellen,31,67,14,76,97
267083763,Brook,Castiblanco,9,67,69,50,80
71917326,Norman,Bedburrow,59,28,57,8,22
91210540,Lynea,Bello,70,55,69,2,86
101106751,Son,Garret,23,98,10,76,76
84202264,Ailey,Blundin,85,83,56,9,38
82901075,Carey,MacGaughy,68,80,95,6,49
83974467,Tera,Aubery,70,68,14,66,37
122203471,Travus,Grishmanov,80,49,10,82,4
53208095,Wright,Grannell,71,47,47,98,35
323270300,Rodi,Engeham,30,52,53,36,90
102103999,May,Knowler,32,22,82,15,5
64103228,Isacco,Hathaway,82,93,54,60,92
261170546,Caryl,Smeall,21,4,61,33,73
75905431,Emmie,Evamy,27,25,72,28,70
67014453,Clerc,Gyrgorwicx,48,51,77,23,56
55000288,Joyan,Jakov,30,88,53,100,79
113024274,Timothee,Bellenger,61,94,46,43,71
113125953,Lavinie,Pheby,17,49,2,82,90
53207766,Vivianna,Tithecott,57,15,38,92,19
21110209,Zeke,Grevile,44,55,47,51,25
73922678,Anatollo,Blaylock,69,81,3,7,5
264279279,Harman,Burdekin,81,90,95,76,11
71001588,Matias,Hunnicutt,50,25,19,85,87
111908567,Rodd,Lattka,37,21,44,42,99
122402078,Rick,Presdie,2,95,1,92,12
64203021,Rakel,Hurst,93,90,11,59,46
65401369,Benedicta,Wennam,8,2,87,32,41
51404231,Buddie,Bullick,26,82,47,8,79
82900487,Blondelle,McCole,63,87,50,51,64
31901686,Corena,Geerdts,74,51,58,53,65
54000030,Ede,O'Hanlon,22,34,95,15,97
82908874,Chevy,Litherland,81,79,90,39,57
62201708,Edd,Abthorpe,58,38,74,50,33
114924739,Sollie,Yosifov,2,37,45,78,21
82000549,Jakie,Mackiewicz,73,69,47,100,37
122239814,Letizia,Kalkofen,49,97,85,18,95
65202607,Salomi,Redwing,83,61,90,47,50
65200528,Iona,Gimeno,42,93,71,90,62
82907859,Sim,Francello,92,80,6,4,92
81518469,Kaja,Pilmer,48,59,61,67,56
221972111,Corinne,Sinkings,41,47,22,13,39
104904646,Roseanne,Posten,44,90,91,13,9
51074030,Quint,Eagers,2,62,70,89,48
111903575,Boris,Simmell,12,56,40,90,25
65301155,Kissee,Londing,53,100,43,24,36
113104880,Darrell,Ansill,38,69,68,92,37
21200957,Tory,Tubb,70,70,1,1,19
103107402,Sena,Vieyra,71,63,26,57,39
104113628,Odille,Billison,100,4,13,39,30
101212153,Sheilah,Gollard,76,98,65,88,53
11101529,Dominic,Kesterton,91,41,73,97,83
71921396,Norbert,de Cullip,76,95,67,37,87
103102290,Alphard,MacCawley,40,73,2,50,74
125107765,Myrilla,Crohan,93,79,7,19,78
21309201,Stevie,Honacker,48,6,17,1,55
53207533,Mose,Dummett,80,37,23,93,27
41201512,Donni,Boar,61,33,88,82,63
43315448,Selinda,Tschirschky,36,82,96,79,86
75910798,Alix,Pentelo,57,27,87,89,26
63115686,Ambros,Wisdom,18,94,90,8,69
84205643,Geralda,Le Jean,68,81,77,62,40
91911001,Ermin,Caghy,76,18,32,92,31
101103466,Cirilo,Matkovic,88,97,11,34,37
62200961,Domenico,Timberlake,85,85,36,39,46
73918569,Chaunce,Banes,71,99,1,16,20
103089834,Luther,Garnar,11,93,9,91,73
122241132,Leticia,Quesne,82,56,58,17,69
61110557,Ruthi,Cordeux,77,74,50,74,68
73909578,Abbie,Alfonzo,39,2,1,19,19
53102816,Maurise,Schuricht,84,91,26,60,44
121031673,Marian,Steljes,38,96,68,76,79
71025661,Gregory,Kyston,97,10,30,35,30
253184472,Mitchell,Kinglake,71,87,69,93,73
63105544,Axe,Crepel,65,81,17,76,71
274070439,Ronni,Causbey,89,16,87,33,64
67015724,Mira,Robberts,14,29,47,53,69
31317380,Briggs,Strut,33,24,69,59,62
91303376,Siegfried,Kingwell,28,76,96,57,49
64000185,Lotta,Iacomi,96,78,8,81,89
282974161,Caitrin,Waszczyk,74,21,75,31,23
31318596,Issy,Kornyshev,44,58,87,59,9
114921949,Galvan,Popham,49,72,29,8,34
53102816,Odelinda,Coldham,68,3,52,89,94
121139313,Lincoln,Chart,3,92,39,39,40
81216240,Hershel,Matzel,85,97,2,99,7
31301053,Marjory,Ferruzzi,11,9,68,60,38
54000807,Sheba,Killcross,26,19,80,31,6
122237612,Kathrine,Adrianello,33,8,41,90,67
75012531,Brandais,Meyer,95,90,61,86,21
51502434,Zacharias,Clutterham,68,49,42,6,23
267091221,Ammamaria,Brewin,30,52,89,47,78
65200722,Earvin,Sebrens,5,79,70,67,41
242272191,Asa,Storms,28,81,6,66,8
91901684,Ripley,Slessor,72,92,54,94,13
92901654,Nevin,Coushe,12,78,61,86,58
72413858,Ansley,Arnholtz,88,17,7,33,31
102000908,Lorie,Stute,52,100,45,45,59
91911001,Gonzales,Maus,8,57,63,42,34
84202264,Neile,Burgh,66,61,87,76,83
123271978,Corrie,Warn,59,76,49,46,42
31207966,Kally,Mc Faul,60,47,14,28,16
74905173,Camel,Demangeon,1,5,14,15,78
111909443,Herta,Dalgleish,38,67,19,33,9
71006282,Spike,Hardwidge,11,75,93,92,10
63104215,Emelda,Yakob,67,83,57,74,84
111304064,Inglis,Chilvers,75,43,66,74,74
64100852,Carie,Rassell,55,56,31,39,15
